This is pdfTeX, Version 3.141592653-2.6-1.40.25 (TeX Live 2023) (preloaded format=pdflatex 2023.7.30)  28 NOV 2024 02:26
entering extended mode
 restricted \write18 enabled.
 file:line:error style messages enabled.
 %&-line parsing enabled.
**main.tex
(./main.tex
LaTeX2e <2022-11-01> patch level 1
L3 programming layer <2023-02-22>
(/usr/local/texlive/2023/texmf-dist/tex/latex/base/article.cls
Document Class: article 2022/07/02 v1.4n Standard LaTeX document class
(/usr/local/texlive/2023/texmf-dist/tex/latex/base/size11.clo
File: size11.clo 2022/07/02 v1.4n Standard LaTeX file (size option)
)
\c@part=\count185
\c@section=\count186
\c@subsection=\count187
\c@subsubsection=\count188
\c@paragraph=\count189
\c@subparagraph=\count190
\c@figure=\count191
\c@table=\count192
\abovecaptionskip=\skip48
\belowcaptionskip=\skip49
\bibindent=\dimen140
)
(/usr/local/texlive/2023/texmf-dist/tex/latex/base/fontenc.sty
Package: fontenc 2021/04/29 v2.0v Standard LaTeX package


/usr/local/texlive/2023/texmf-dist/tex/latex/base/fontenc.sty:111: Package font
enc Error: Encoding file `utf8enc.def' not found.
(fontenc)                You might have misspelt the name of the encoding.

See the fontenc package documentation for explanation.
Type  H <return>  for immediate help.
 ...                                              
                                                  
l.111 \ProcessOptions*
                      
Necessary code for this encoding was not loaded.
Thus calling the encoding later on will produce further error messages.


/usr/local/texlive/2023/texmf-dist/tex/latex/base/fontenc.sty:112: LaTeX Error:
 Encoding scheme `utf8' unknown.

See the LaTeX manual or LaTeX Companion for explanation.
Type  H <return>  for immediate help.
 ...                                              
                                                  
l.112 ...\familydefault\seriesdefault\shapedefault
                                                  
Your command was ignored.
Type  I <command> <return>  to replace it with another command,
or  <return>  to continue without it.

) (/usr/local/texlive/2023/texmf-dist/tex/latex/geometry/geometry.sty
Package: geometry 2020/01/02 v5.9 Page Geometry

(/usr/local/texlive/2023/texmf-dist/tex/latex/graphics/keyval.sty
Package: keyval 2022/05/29 v1.15 key=value parser (DPC)
\KV@toks@=\toks16
)
(/usr/local/texlive/2023/texmf-dist/tex/generic/iftex/ifvtex.sty
Package: ifvtex 2019/10/25 v1.7 ifvtex legacy package. Use iftex instead.

(/usr/local/texlive/2023/texmf-dist/tex/generic/iftex/iftex.sty
Package: iftex 2022/02/03 v1.0f TeX engine tests
))
\Gm@cnth=\count193
\Gm@cntv=\count194
\c@Gm@tempcnt=\count195
\Gm@bindingoffset=\dimen141
\Gm@wd@mp=\dimen142
\Gm@odd@mp=\dimen143
\Gm@even@mp=\dimen144
\Gm@layoutwidth=\dimen145
\Gm@layoutheight=\dimen146
\Gm@layouthoffset=\dimen147
\Gm@layoutvoffset=\dimen148
\Gm@dimlist=\toks17
)
(/usr/local/texlive/2023/texmf-dist/tex/generic/babel/babel.sty
Package: babel 2023/02/13 3.86 The Babel package
\babel@savecnt=\count196
\U@D=\dimen149
\l@unhyphenated=\language87

(/usr/local/texlive/2023/texmf-dist/tex/generic/babel/txtbabel.def)
\bbl@readstream=\read2
\bbl@dirlevel=\count197

(/usr/local/texlive/2023/texmf-dist/tex/generic/babel-german/ngerman.ldf
Language: ngerman 2021/02/27 v2.13 German support for babel (post-1996 orthogra
phy)

(/usr/local/texlive/2023/texmf-dist/tex/generic/babel-german/ngermanb.ldf
Language: ngermanb 2021/02/27 v2.13 German support for babel (post-1996 orthogr
aphy)
Package babel Info: Making " an active character on input line 122.
)))
(/usr/local/texlive/2023/texmf-dist/tex/generic/babel/locale/de/babel-ngerman.t
ex
Package babel Info: Importing font and identification data for ngerman
(babel)             from babel-de.ini. Reported on input line 11.
) (/usr/local/texlive/2023/texmf-dist/tex/latex/listings/listings.sty
\lst@mode=\count198
\lst@gtempboxa=\box51
\lst@token=\toks18
\lst@length=\count199
\lst@currlwidth=\dimen150
\lst@column=\count266
\lst@pos=\count267
\lst@lostspace=\dimen151
\lst@width=\dimen152
\lst@newlines=\count268
\lst@lineno=\count269
\lst@maxwidth=\dimen153

(/usr/local/texlive/2023/texmf-dist/tex/latex/listings/lstmisc.sty
File: lstmisc.sty 2023/02/27 1.9 (Carsten Heinz)
\c@lstnumber=\count270
\lst@skipnumbers=\count271
\lst@framebox=\box52
)
(/usr/local/texlive/2023/texmf-dist/tex/latex/listings/listings.cfg
File: listings.cfg 2023/02/27 1.9 listings configuration
))
Package: listings 2023/02/27 1.9 (Carsten Heinz)

(/usr/local/texlive/2023/texmf-dist/tex/latex/graphics/color.sty
Package: color 2022/01/06 v1.3d Standard LaTeX Color (DPC)

(/usr/local/texlive/2023/texmf-dist/tex/latex/graphics-cfg/color.cfg
File: color.cfg 2016/01/02 v1.6 sample color configuration
)
Package color Info: Driver file: pdftex.def on input line 149.

(/usr/local/texlive/2023/texmf-dist/tex/latex/graphics-def/pdftex.def
File: pdftex.def 2022/09/22 v1.2b Graphics/color driver for pdftex
)
(/usr/local/texlive/2023/texmf-dist/tex/latex/graphics/mathcolor.ltx))
(/usr/local/texlive/2023/texmf-dist/tex/latex/hyperref/hyperref.sty
Package: hyperref 2023-02-07 v7.00v Hypertext links for LaTeX

(/usr/local/texlive/2023/texmf-dist/tex/generic/ltxcmds/ltxcmds.sty
Package: ltxcmds 2020-05-10 v1.25 LaTeX kernel commands for general use (HO)
)
(/usr/local/texlive/2023/texmf-dist/tex/generic/pdftexcmds/pdftexcmds.sty
Package: pdftexcmds 2020-06-27 v0.33 Utility functions of pdfTeX for LuaTeX (HO
)

(/usr/local/texlive/2023/texmf-dist/tex/generic/infwarerr/infwarerr.sty
Package: infwarerr 2019/12/03 v1.5 Providing info/warning/error messages (HO)
)
Package pdftexcmds Info: \pdf@primitive is available.
Package pdftexcmds Info: \pdf@ifprimitive is available.
Package pdftexcmds Info: \pdfdraftmode found.
)
(/usr/local/texlive/2023/texmf-dist/tex/latex/kvsetkeys/kvsetkeys.sty
Package: kvsetkeys 2022-10-05 v1.19 Key value parser (HO)
)
(/usr/local/texlive/2023/texmf-dist/tex/generic/kvdefinekeys/kvdefinekeys.sty
Package: kvdefinekeys 2019-12-19 v1.6 Define keys (HO)
)
(/usr/local/texlive/2023/texmf-dist/tex/generic/pdfescape/pdfescape.sty
Package: pdfescape 2019/12/09 v1.15 Implements pdfTeX's escape features (HO)
)
(/usr/local/texlive/2023/texmf-dist/tex/latex/hycolor/hycolor.sty
Package: hycolor 2020-01-27 v1.10 Color options for hyperref/bookmark (HO)
)
(/usr/local/texlive/2023/texmf-dist/tex/latex/letltxmacro/letltxmacro.sty
Package: letltxmacro 2019/12/03 v1.6 Let assignment for LaTeX macros (HO)
)
(/usr/local/texlive/2023/texmf-dist/tex/latex/auxhook/auxhook.sty
Package: auxhook 2019-12-17 v1.6 Hooks for auxiliary files (HO)
)
(/usr/local/texlive/2023/texmf-dist/tex/latex/hyperref/nameref.sty
Package: nameref 2022-05-17 v2.50 Cross-referencing by name of section

(/usr/local/texlive/2023/texmf-dist/tex/latex/refcount/refcount.sty
Package: refcount 2019/12/15 v3.6 Data extraction from label references (HO)
)
(/usr/local/texlive/2023/texmf-dist/tex/generic/gettitlestring/gettitlestring.s
ty
Package: gettitlestring 2019/12/15 v1.6 Cleanup title references (HO)
 (/usr/local/texlive/2023/texmf-dist/tex/latex/kvoptions/kvoptions.sty
Package: kvoptions 2022-06-15 v3.15 Key value format for package options (HO)
))
\c@section@level=\count272
)
\@linkdim=\dimen154
\Hy@linkcounter=\count273
\Hy@pagecounter=\count274

(/usr/local/texlive/2023/texmf-dist/tex/latex/hyperref/pd1enc.def
File: pd1enc.def 2023-02-07 v7.00v Hyperref: PDFDocEncoding definition (HO)
Now handling font encoding PD1 ...
... no UTF-8 mapping file for font encoding PD1
)
(/usr/local/texlive/2023/texmf-dist/tex/generic/intcalc/intcalc.sty
Package: intcalc 2019/12/15 v1.3 Expandable calculations with integers (HO)
)
(/usr/local/texlive/2023/texmf-dist/tex/generic/etexcmds/etexcmds.sty
Package: etexcmds 2019/12/15 v1.7 Avoid name clashes with e-TeX commands (HO)
)
\Hy@SavedSpaceFactor=\count275

(/usr/local/texlive/2023/texmf-dist/tex/latex/hyperref/puenc.def
File: puenc.def 2023-02-07 v7.00v Hyperref: PDF Unicode definition (HO)
Now handling font encoding PU ...
... no UTF-8 mapping file for font encoding PU
)
Package hyperref Info: Hyper figures OFF on input line 4177.
Package hyperref Info: Link nesting OFF on input line 4182.
Package hyperref Info: Hyper index ON on input line 4185.
Package hyperref Info: Plain pages OFF on input line 4192.
Package hyperref Info: Backreferencing OFF on input line 4197.
Package hyperref Info: Implicit mode ON; LaTeX internals redefined.
Package hyperref Info: Bookmarks ON on input line 4425.
\c@Hy@tempcnt=\count276

(/usr/local/texlive/2023/texmf-dist/tex/latex/url/url.sty
\Urlmuskip=\muskip16
Package: url 2013/09/16  ver 3.4  Verb mode for urls, etc.
)
LaTeX Info: Redefining \url on input line 4763.
\XeTeXLinkMargin=\dimen155

(/usr/local/texlive/2023/texmf-dist/tex/generic/bitset/bitset.sty
Package: bitset 2019/12/09 v1.3 Handle bit-vector datatype (HO)

(/usr/local/texlive/2023/texmf-dist/tex/generic/bigintcalc/bigintcalc.sty
Package: bigintcalc 2019/12/15 v1.5 Expandable calculations on big integers (HO
)
))
\Fld@menulength=\count277
\Field@Width=\dimen156
\Fld@charsize=\dimen157
Package hyperref Info: Hyper figures OFF on input line 6042.
Package hyperref Info: Link nesting OFF on input line 6047.
Package hyperref Info: Hyper index ON on input line 6050.
Package hyperref Info: backreferencing OFF on input line 6057.
Package hyperref Info: Link coloring OFF on input line 6062.
Package hyperref Info: Link coloring with OCG OFF on input line 6067.
Package hyperref Info: PDF/A mode OFF on input line 6072.

(/usr/local/texlive/2023/texmf-dist/tex/latex/base/atbegshi-ltx.sty
Package: atbegshi-ltx 2021/01/10 v1.0c Emulation of the original atbegshi
package with kernel methods
)
\Hy@abspage=\count278
\c@Item=\count279
\c@Hfootnote=\count280
)
Package hyperref Info: Driver (autodetected): hpdftex.

(/usr/local/texlive/2023/texmf-dist/tex/latex/hyperref/hpdftex.def
File: hpdftex.def 2023-02-07 v7.00v Hyperref driver for pdfTeX

(/usr/local/texlive/2023/texmf-dist/tex/latex/base/atveryend-ltx.sty
Package: atveryend-ltx 2020/08/19 v1.0a Emulation of the original atveryend pac
kage
with kernel methods
)
\Fld@listcount=\count281
\c@bookmark@seq@number=\count282

(/usr/local/texlive/2023/texmf-dist/tex/latex/rerunfilecheck/rerunfilecheck.sty
Package: rerunfilecheck 2022-07-10 v1.10 Rerun checks for auxiliary files (HO)

(/usr/local/texlive/2023/texmf-dist/tex/generic/uniquecounter/uniquecounter.sty
Package: uniquecounter 2019/12/15 v1.4 Provide unlimited unique counter (HO)
)
Package uniquecounter Info: New unique counter `rerunfilecheck' on input line 2
85.
)
\Hy@SectionHShift=\skip50
) (/usr/local/texlive/2023/texmf-dist/tex/latex/csquotes/csquotes.sty
Package: csquotes 2022-09-14 v5.2n context-sensitive quotations (JAW)

(/usr/local/texlive/2023/texmf-dist/tex/latex/etoolbox/etoolbox.sty
Package: etoolbox 2020/10/05 v2.5k e-TeX tools for LaTeX (JAW)
\etb@tempcnta=\count283
)
\csq@reset=\count284
\csq@gtype=\count285
\csq@glevel=\count286
\csq@qlevel=\count287
\csq@maxlvl=\count288
\csq@tshold=\count289
\csq@ltx@everypar=\toks19

(/usr/local/texlive/2023/texmf-dist/tex/latex/csquotes/csquotes.def
File: csquotes.def 2022-09-14 v5.2n csquotes generic definitions (JAW)
)
Package csquotes Info: Trying to load configuration file 'csquotes.cfg'...
Package csquotes Info: ... configuration file loaded successfully.

(/usr/local/texlive/2023/texmf-dist/tex/latex/csquotes/csquotes.cfg
File: csquotes.cfg 
))
Package csquotes Info: Allocating character ".

(/usr/local/texlive/2023/texmf-dist/tex/latex/listings/lstlang1.sty
File: lstlang1.sty 2023/02/27 1.9 listings language file
)
(/usr/local/texlive/2023/texmf-dist/tex/latex/amsmath/amsmath.sty
Package: amsmath 2022/04/08 v2.17n AMS math features
\@mathmargin=\skip51

For additional information on amsmath, use the `?' option.
(/usr/local/texlive/2023/texmf-dist/tex/latex/amsmath/amstext.sty
Package: amstext 2021/08/26 v2.01 AMS text

(/usr/local/texlive/2023/texmf-dist/tex/latex/amsmath/amsgen.sty
File: amsgen.sty 1999/11/30 v2.0 generic functions
\@emptytoks=\toks20
\ex@=\dimen158
))
(/usr/local/texlive/2023/texmf-dist/tex/latex/amsmath/amsbsy.sty
Package: amsbsy 1999/11/29 v1.2d Bold Symbols
\pmbraise@=\dimen159
)
(/usr/local/texlive/2023/texmf-dist/tex/latex/amsmath/amsopn.sty
Package: amsopn 2022/04/08 v2.04 operator names
)
\inf@bad=\count290
LaTeX Info: Redefining \frac on input line 234.
\uproot@=\count291
\leftroot@=\count292
LaTeX Info: Redefining \overline on input line 399.
LaTeX Info: Redefining \colon on input line 410.
\classnum@=\count293
\DOTSCASE@=\count294
LaTeX Info: Redefining \ldots on input line 496.
LaTeX Info: Redefining \dots on input line 499.
LaTeX Info: Redefining \cdots on input line 620.
\Mathstrutbox@=\box53
\strutbox@=\box54
LaTeX Info: Redefining \big on input line 722.
LaTeX Info: Redefining \Big on input line 723.
LaTeX Info: Redefining \bigg on input line 724.
LaTeX Info: Redefining \Bigg on input line 725.
\big@size=\dimen160
LaTeX Font Info:    Redeclaring font encoding OML on input line 743.
LaTeX Font Info:    Redeclaring font encoding OMS on input line 744.
\macc@depth=\count295
LaTeX Info: Redefining \bmod on input line 905.
LaTeX Info: Redefining \pmod on input line 910.
LaTeX Info: Redefining \smash on input line 940.
LaTeX Info: Redefining \relbar on input line 970.
LaTeX Info: Redefining \Relbar on input line 971.
\c@MaxMatrixCols=\count296
\dotsspace@=\muskip17
\c@parentequation=\count297
\dspbrk@lvl=\count298
\tag@help=\toks21
\row@=\count299
\column@=\count300
\maxfields@=\count301
\andhelp@=\toks22
\eqnshift@=\dimen161
\alignsep@=\dimen162
\tagshift@=\dimen163
\tagwidth@=\dimen164
\totwidth@=\dimen165
\lineht@=\dimen166
\@envbody=\toks23
\multlinegap=\skip52
\multlinetaggap=\skip53
\mathdisplay@stack=\toks24
LaTeX Info: Redefining \[ on input line 2953.
LaTeX Info: Redefining \] on input line 2954.
)
Package csquotes Info: Checking for multilingual support...
Package csquotes Info: ... found 'babel' package.
Package csquotes Info: Adjusting default style.
Package csquotes Info: Redefining alias 'default' -> 'ngerman'.


./main.tex:43: LaTeX Error: Encoding scheme `utf8' unknown.

See the LaTeX manual or LaTeX Companion for explanation.
Type  H <return>  for immediate help.
 ...                                              
                                                  
l.43 \begin{document}
                     
Your command was ignored.
Type  I <command> <return>  to replace it with another command,
or  <return>  to continue without it.

(/usr/local/texlive/2023/texmf-dist/tex/latex/l3backend/l3backend-pdftex.def
File: l3backend-pdftex.def 2023-01-16 L3 backend support: PDF output (pdfTeX)
\l__color_backend_stack_int=\count302
\l__pdf_internal_box=\box55
)
(/Users/mrotmann/IdeaProjects/WaldorfInformatikHku/out/main.aux)
\openout1 = `main.aux'.

LaTeX Font Info:    Checking defaults for OML/cmm/m/it on input line 43.
LaTeX Font Info:    ... okay on input line 43.
LaTeX Font Info:    Checking defaults for OMS/cmsy/m/n on input line 43.
LaTeX Font Info:    ... okay on input line 43.
LaTeX Font Info:    Checking defaults for OT1/cmr/m/n on input line 43.
LaTeX Font Info:    ... okay on input line 43.
LaTeX Font Info:    Checking defaults for T1/cmr/m/n on input line 43.
LaTeX Font Info:    ... okay on input line 43.
LaTeX Font Info:    Checking defaults for TS1/cmr/m/n on input line 43.
LaTeX Font Info:    ... okay on input line 43.
LaTeX Font Info:    Checking defaults for OMX/cmex/m/n on input line 43.
LaTeX Font Info:    ... okay on input line 43.
LaTeX Font Info:    Checking defaults for U/cmr/m/n on input line 43.
LaTeX Font Info:    ... okay on input line 43.
LaTeX Font Info:    Checking defaults for PD1/pdf/m/n on input line 43.
LaTeX Font Info:    ... okay on input line 43.
LaTeX Font Info:    Checking defaults for PU/pdf/m/n on input line 43.
LaTeX Font Info:    ... okay on input line 43.


./main.tex:43: LaTeX Error: Encoding scheme `utf8' unknown.

See the LaTeX manual or LaTeX Companion for explanation.
Type  H <return>  for immediate help.
 ...                                              
                                                  
l.43 \begin{document}
                     
Your command was ignored.
Type  I <command> <return>  to replace it with another command,
or  <return>  to continue without it.

*geometry* driver: auto-detecting
*geometry* detected driver: pdftex
*geometry* verbose mode - [ preamble ] result:
* driver: pdftex
* paper: <default>
* layout: <same size as paper>
* layoutoffset:(h,v)=(0.0pt,0.0pt)
* modes: 
* h-part:(L,W,R)=(42.67912pt, 528.93675pt, 42.67912pt)
* v-part:(T,H,B)=(28.45274pt, 738.0645pt, 28.45274pt)
* \paperwidth=614.295pt
* \paperheight=794.96999pt
* \textwidth=528.93675pt
* \textheight=738.0645pt
* \oddsidemargin=-29.59087pt
* \evensidemargin=-29.59087pt
* \topmargin=-80.81725pt
* \headheight=12.0pt
* \headsep=25.0pt
* \topskip=11.0pt
* \footskip=30.0pt
* \marginparwidth=59.0pt
* \marginparsep=10.0pt
* \columnsep=10.0pt
* \skip\footins=10.0pt plus 4.0pt minus 2.0pt
* \hoffset=0.0pt
* \voffset=0.0pt
* \mag=1000
* \@twocolumnfalse
* \@twosidefalse
* \@mparswitchfalse
* \@reversemarginfalse
* (1in=72.27pt=25.4mm, 1cm=28.453pt)

\c@lstlisting=\count303
(/usr/local/texlive/2023/texmf-dist/tex/context/base/mkii/supp-pdf.mkii
[Loading MPS to PDF converter (version 2006.09.02).]
\scratchcounter=\count304
\scratchdimen=\dimen167
\scratchbox=\box56
\nofMPsegments=\count305
\nofMParguments=\count306
\everyMPshowfont=\toks25
\MPscratchCnt=\count307
\MPscratchDim=\dimen168
\MPnumerator=\count308
\makeMPintoPDFobject=\count309
\everyMPtoPDFconversion=\toks26
)
Package hyperref Info: Link coloring OFF on input line 43.
 (/Users/mrotmann/IdeaProjects/WaldorfInformatikHku/out/main.out)
(/Users/mrotmann/IdeaProjects/WaldorfInformatikHku/out/main.out)
\@outlinefile=\write3
\openout3 = `main.out'.

Package csquotes Info: Redefining character " on input line 43.

./main.tex:45: Illegal unit of measure (pt inserted).
<to be read again> 
                   \relax 
l.45     \setlength{\parindent}{0}
                                  
Dimensions can be in units of em, ex, in, pt, pc,
cm, mm, dd, cc, nd, nc, bp, or sp; but yours is a new one!
I'll assume that you meant to say pt, for printer's points.
To recover gracefully from this error, it's best to
delete the erroneous units; e.g., type `2' to delete
two letters. (See Chapter 27 of The TeXbook.)


./main.tex:52: LaTeX Error: Encoding scheme `utf8' unknown.

See the LaTeX manual or LaTeX Companion for explanation.
Type  H <return>  for immediate help.
 ...                                              
                                                  
l.52     \section{Arbeiten mit der Konsole}
                                           
Your command was ignored.
Type  I <command> <return>  to replace it with another command,
or  <return>  to continue without it.


./main.tex:57: LaTeX Error: Encoding scheme `utf8' unknown.

See the LaTeX manual or LaTeX Companion for explanation.
Type  H <return>  for immediate help.
 ...                                              
                                                  
l.57     \subsection{Konsole öffnen}
                                     
Your command was ignored.
Type  I <command> <return>  to replace it with another command,
or  <return>  to continue without it.


./main.tex:60: LaTeX Error: Encoding scheme `utf8' unknown.

See the LaTeX manual or LaTeX Companion for explanation.
Type  H <return>  for immediate help.
 ...                                              
                                                  
l.60         \item \lstinline
                             {Windows + R} drücken, \lstinline{cmd} eingebe...

Your command was ignored.
Type  I <command> <return>  to replace it with another command,
or  <return>  to continue without it.


./main.tex:61: LaTeX Error: Encoding scheme `utf8' unknown.

See the LaTeX manual or LaTeX Companion for explanation.
Type  H <return>  for immediate help.
 ...                                              
                                                  
l.61         \item I
                    n der Windows-Suche (unten links) nach \lstinline{cmd} o...

Your command was ignored.
Type  I <command> <return>  to replace it with another command,
or  <return>  to continue without it.


./main.tex:66: LaTeX Error: Encoding scheme `utf8' unknown.

See the LaTeX manual or LaTeX Companion for explanation.
Type  H <return>  for immediate help.
 ...                                              
                                                  
l.66     \subsection{Konsole bedienen}
                                      
Your command was ignored.
Type  I <command> <return>  to replace it with another command,
or  <return>  to continue without it.


./main.tex:70: LaTeX Error: Encoding scheme `utf8' unknown.

See the LaTeX manual or LaTeX Companion for explanation.
Type  H <return>  for immediate help.
 ...                                              
                                                  
l.70 C:
       \Users\Lernen>
Your command was ignored.
Type  I <command> <return>  to replace it with another command,
or  <return>  to continue without it.


Underfull \hbox (badness 10000) in paragraph at lines 73--74

 []


./main.tex:77: LaTeX Error: Encoding scheme `utf8' unknown.

See the LaTeX manual or LaTeX Companion for explanation.
Type  H <return>  for immediate help.
 ...                                              
                                                  
l.77         \item \lstinline
                             {cd} \textit{(\textbf{c}hange \textbf{d}irector...

Your command was ignored.
Type  I <command> <return>  to replace it with another command,
or  <return>  to continue without it.


./main.tex:80: LaTeX Error: Encoding scheme `utf8' unknown.

See the LaTeX manual or LaTeX Companion for explanation.
Type  H <return>  for immediate help.
 ...                                              
                                                  
l.80 cd 
        Unterordner
Your command was ignored.
Type  I <command> <return>  to replace it with another command,
or  <return>  to continue without it.


./main.tex:81: LaTeX Error: Encoding scheme `utf8' unknown.

See the LaTeX manual or LaTeX Companion for explanation.
Type  H <return>  for immediate help.
 ...                                              
                                                  
l.81 cd 
        C:\Users\Lernen\Desktop\MeinOrdner
Your command was ignored.
Type  I <command> <return>  to replace it with another command,
or  <return>  to continue without it.


./main.tex:82: LaTeX Error: Encoding scheme `utf8' unknown.

See the LaTeX manual or LaTeX Companion for explanation.
Type  H <return>  for immediate help.
 ...                                              
                                                  
l.82 cd 
        ..
Your command was ignored.
Type  I <command> <return>  to replace it with another command,
or  <return>  to continue without it.


Underfull \hbox (badness 10000) in paragraph at lines 84--87

 []


./main.tex:88: LaTeX Error: Encoding scheme `utf8' unknown.

See the LaTeX manual or LaTeX Companion for explanation.
Type  H <return>  for immediate help.
 ...                                              
                                                  
l.88         \item \lstinline
                             {dir} \textit{(directory)} - zeigt alle Dateien...

Your command was ignored.
Type  I <command> <return>  to replace it with another command,
or  <return>  to continue without it.


./main.tex:94: LaTeX Error: Encoding scheme `utf8' unknown.

See the LaTeX manual or LaTeX Companion for explanation.
Type  H <return>  for immediate help.
 ...                                              
                                                  
l.94     \section{Java installieren}
                                    
Your command was ignored.
Type  I <command> <return>  to replace it with another command,
or  <return>  to continue without it.


./main.tex:99: LaTeX Error: Encoding scheme `utf8' unknown.

See the LaTeX manual or LaTeX Companion for explanation.
Type  H <return>  for immediate help.
 ...                                              
                                                  
l.99 winget 
            install EclipseAdoptium.Temurin.17.JDK
Your command was ignored.
Type  I <command> <return>  to replace it with another command,
or  <return>  to continue without it.


./main.tex:108: LaTeX Error: Encoding scheme `utf8' unknown.

See the LaTeX manual or LaTeX Companion for explanation.
Type  H <return>  for immediate help.
 ...                                              
                                                  
l.108     \section{Java - absolute Grundlagen}
                                              
Your command was ignored.
Type  I <command> <return>  to replace it with another command,
or  <return>  to continue without it.


./main.tex:112: LaTeX Error: Encoding scheme `utf8' unknown.

See the LaTeX manual or LaTeX Companion for explanation.
Type  H <return>  for immediate help.
 ...                                              
                                                  
l.112     \subsection{Java-Programm ausführen}
                                               
Your command was ignored.
Type  I <command> <return>  to replace it with another command,
or  <return>  to continue without it.


./main.tex:117: LaTeX Error: Encoding scheme `utf8' unknown.

See the LaTeX manual or LaTeX Companion for explanation.
Type  H <return>  for immediate help.
 ...                                              
                                                  
l.117         \item W
                     ir schreiben \textit{Programmcode} (oder einfach \texti...

Your command was ignored.
Type  I <command> <return>  to replace it with another command,
or  <return>  to continue without it.


./main.tex:117: LaTeX Error: Encoding scheme `utf8' unknown.

See the LaTeX manual or LaTeX Companion for explanation.
Type  H <return>  for immediate help.
 ...                                              
                                                  
l.117         \item W
                     ir schreiben \textit{Programmcode} (oder einfach \texti...

Your command was ignored.
Type  I <command> <return>  to replace it with another command,
or  <return>  to continue without it.

[1

{/usr/local/texlive/2023/texmf-var/fonts/map/pdftex/updmap/pdftex.map}{/usr/loc
al/texlive/2023/texmf-dist/fonts/enc/dvips/cm-super/cm-super-ts1.enc}]

./main.tex:117: LaTeX Error: Encoding scheme `utf8' unknown.

See the LaTeX manual or LaTeX Companion for explanation.
Type  H <return>  for immediate help.
 ...                                              
                                                  
l.117         \item W
                     ir schreiben \textit{Programmcode} (oder einfach \texti...

Your command was ignored.
Type  I <command> <return>  to replace it with another command,
or  <return>  to continue without it.


./main.tex:118: LaTeX Error: Encoding scheme `utf8' unknown.

See the LaTeX manual or LaTeX Companion for explanation.
Type  H <return>  for immediate help.
 ...                                              
                                                  
l.118         \item W
                     ir \textit{kompilieren} das Programm mit \lstinline{jav...

Your command was ignored.
Type  I <command> <return>  to replace it with another command,
or  <return>  to continue without it.


./main.tex:119: LaTeX Error: Encoding scheme `utf8' unknown.

See the LaTeX manual or LaTeX Companion for explanation.
Type  H <return>  for immediate help.
 ...                                              
                                                  
l.119         \item W
                     ir führen es aus mit \lstinline{java TollesProgramm}
Your command was ignored.
Type  I <command> <return>  to replace it with another command,
or  <return>  to continue without it.


Underfull \hbox (badness 10000) in paragraph at lines 122--125

 []


./main.tex:131: LaTeX Error: Encoding scheme `utf8' unknown.

See the LaTeX manual or LaTeX Companion for explanation.
Type  H <return>  for immediate help.
 ...                                              
                                                  
l.131     \subsection{Minimales Java Programm}
                                              
Your command was ignored.
Type  I <command> <return>  to replace it with another command,
or  <return>  to continue without it.

Package hyperref Info: bookmark level for unknown lstlisting defaults to 0 on i
nput line 135.

./main.tex:136: LaTeX Error: Encoding scheme `utf8' unknown.

See the LaTeX manual or LaTeX Companion for explanation.
Type  H <return>  for immediate help.
 ...                                              
                                                  
l.136 public 
             class Test {
Your command was ignored.
Type  I <command> <return>  to replace it with another command,
or  <return>  to continue without it.


./main.tex:137: LaTeX Error: Encoding scheme `utf8' unknown.

See the LaTeX manual or LaTeX Companion for explanation.
Type  H <return>  for immediate help.
 ...                                              
                                                  
l.137     public 
                 static void main(String[] args) {
Your command was ignored.
Type  I <command> <return>  to replace it with another command,
or  <return>  to continue without it.


./main.tex:138: LaTeX Error: Encoding scheme `utf8' unknown.

See the LaTeX manual or LaTeX Companion for explanation.
Type  H <return>  for immediate help.
 ...                                              
                                                  
l.138     }
           
Your command was ignored.
Type  I <command> <return>  to replace it with another command,
or  <return>  to continue without it.


./main.tex:139: LaTeX Error: Encoding scheme `utf8' unknown.

See the LaTeX manual or LaTeX Companion for explanation.
Type  H <return>  for immediate help.
 ...                                              
                                                  
l.139 }
       
Your command was ignored.
Type  I <command> <return>  to replace it with another command,
or  <return>  to continue without it.


./main.tex:140: LaTeX Error: Encoding scheme `utf8' unknown.

See the LaTeX manual or LaTeX Companion for explanation.
Type  H <return>  for immediate help.
 ...                                              
                                                  
l.140     \end{lstlisting}
                          
Your command was ignored.
Type  I <command> <return>  to replace it with another command,
or  <return>  to continue without it.


Underfull \hbox (badness 10000) in paragraph at lines 142--144

 []


Underfull \hbox (badness 10000) in paragraph at lines 145--149

 []


Underfull \hbox (badness 10000) in paragraph at lines 150--152

 []


./main.tex:156: LaTeX Error: Encoding scheme `utf8' unknown.

See the LaTeX manual or LaTeX Companion for explanation.
Type  H <return>  for immediate help.
 ...                                              
                                                  
l.156 //
         Ich bin nur ein Kommentar und habe sonst keine Funktion
Your command was ignored.
Type  I <command> <return>  to replace it with another command,
or  <return>  to continue without it.


./main.tex:157: LaTeX Error: Encoding scheme `utf8' unknown.

See the LaTeX manual or LaTeX Companion for explanation.
Type  H <return>  for immediate help.
 ...                                              
                                                  
l.157 public 
             class Test { // Ich bin auch ein Kommentar (der Teil vor mir ab...

Your command was ignored.
Type  I <command> <return>  to replace it with another command,
or  <return>  to continue without it.


./main.tex:158: LaTeX Error: Encoding scheme `utf8' unknown.

See the LaTeX manual or LaTeX Companion for explanation.
Type  H <return>  for immediate help.
 ...                                              
                                                  
l.158     public 
                 static void main(String[] args) {
Your command was ignored.
Type  I <command> <return>  to replace it with another command,
or  <return>  to continue without it.


./main.tex:159: LaTeX Error: Encoding scheme `utf8' unknown.

See the LaTeX manual or LaTeX Companion for explanation.
Type  H <return>  for immediate help.
 ...                                              
                                                  
l.159         //
                 Ich bin noch ein Kommentar
Your command was ignored.
Type  I <command> <return>  to replace it with another command,
or  <return>  to continue without it.


./main.tex:160: LaTeX Error: Encoding scheme `utf8' unknown.

See the LaTeX manual or LaTeX Companion for explanation.
Type  H <return>  for immediate help.
 ...                                              
                                                  
l.160         //
                 Wieder ein Kommentar
Your command was ignored.
Type  I <command> <return>  to replace it with another command,
or  <return>  to continue without it.


./main.tex:161: LaTeX Error: Encoding scheme `utf8' unknown.

See the LaTeX manual or LaTeX Companion for explanation.
Type  H <return>  for immediate help.
 ...                                              
                                                  
l.161     }
           
Your command was ignored.
Type  I <command> <return>  to replace it with another command,
or  <return>  to continue without it.


./main.tex:162: LaTeX Error: Encoding scheme `utf8' unknown.

See the LaTeX manual or LaTeX Companion for explanation.
Type  H <return>  for immediate help.
 ...                                              
                                                  
l.162     //
             Ich stehe hier nur so
Your command was ignored.
Type  I <command> <return>  to replace it with another command,
or  <return>  to continue without it.


./main.tex:163: LaTeX Error: Encoding scheme `utf8' unknown.

See the LaTeX manual or LaTeX Companion for explanation.
Type  H <return>  for immediate help.
 ...                                              
                                                  
l.163 }
       
Your command was ignored.
Type  I <command> <return>  to replace it with another command,
or  <return>  to continue without it.


./main.tex:164: LaTeX Error: Encoding scheme `utf8' unknown.

See the LaTeX manual or LaTeX Companion for explanation.
Type  H <return>  for immediate help.
 ...                                              
                                                  
l.164     \end{lstlisting}
                          
Your command was ignored.
Type  I <command> <return>  to replace it with another command,
or  <return>  to continue without it.


./main.tex:168: LaTeX Error: Encoding scheme `utf8' unknown.

See the LaTeX manual or LaTeX Companion for explanation.
Type  H <return>  for immediate help.
 ...                                              
                                                  
l.168     \subsection{Der main-Block}
                                     
Your command was ignored.
Type  I <command> <return>  to replace it with another command,
or  <return>  to continue without it.


./main.tex:172: LaTeX Error: Encoding scheme `utf8' unknown.

See the LaTeX manual or LaTeX Companion for explanation.
Type  H <return>  for immediate help.
 ...                                              
                                                  
l.172     \begin{lstlisting}[caption=main-Block]
                                                
Your command was ignored.
Type  I <command> <return>  to replace it with another command,
or  <return>  to continue without it.


./main.tex:172: LaTeX Error: Encoding scheme `utf8' unknown.

See the LaTeX manual or LaTeX Companion for explanation.
Type  H <return>  for immediate help.
 ...                                              
                                                  
l.172     \begin{lstlisting}[caption=main-Block]
                                                
Your command was ignored.
Type  I <command> <return>  to replace it with another command,
or  <return>  to continue without it.


pdfTeX warning (ext4): destination with the same identifier (name{page.}) has b
een already used, duplicate ignored
<to be read again> 
                   \relax 
l.172     \begin{lstlisting}[caption=main-Block]
                                                 [2]

./main.tex:173: LaTeX Error: Encoding scheme `utf8' unknown.

See the LaTeX manual or LaTeX Companion for explanation.
Type  H <return>  for immediate help.
 ...                                              
                                                  
l.173 public 
             class Test {
Your command was ignored.
Type  I <command> <return>  to replace it with another command,
or  <return>  to continue without it.


./main.tex:174: LaTeX Error: Encoding scheme `utf8' unknown.

See the LaTeX manual or LaTeX Companion for explanation.
Type  H <return>  for immediate help.
 ...                                              
                                                  
l.174     public 
                 static void main(String[] args) {
Your command was ignored.
Type  I <command> <return>  to replace it with another command,
or  <return>  to continue without it.


./main.tex:175: LaTeX Error: Encoding scheme `utf8' unknown.

See the LaTeX manual or LaTeX Companion for explanation.
Type  H <return>  for immediate help.
 ...                                              
                                                  
l.175         //
                 Das hier ist der main-Block unseres Programms.
Your command was ignored.
Type  I <command> <return>  to replace it with another command,
or  <return>  to continue without it.


./main.tex:176: LaTeX Error: Encoding scheme `utf8' unknown.

See the LaTeX manual or LaTeX Companion for explanation.
Type  H <return>  for immediate help.
 ...                                              
                                                  
l.176         //
                 Hier schreiben wir (vorerst) unseren gesamten Programmcode ...

Your command was ignored.
Type  I <command> <return>  to replace it with another command,
or  <return>  to continue without it.


./main.tex:177: LaTeX Error: Encoding scheme `utf8' unknown.

See the LaTeX manual or LaTeX Companion for explanation.
Type  H <return>  for immediate help.
 ...                                              
                                                  
l.177     }
           
Your command was ignored.
Type  I <command> <return>  to replace it with another command,
or  <return>  to continue without it.


./main.tex:178: LaTeX Error: Encoding scheme `utf8' unknown.

See the LaTeX manual or LaTeX Companion for explanation.
Type  H <return>  for immediate help.
 ...                                              
                                                  
l.178 }
       
Your command was ignored.
Type  I <command> <return>  to replace it with another command,
or  <return>  to continue without it.


./main.tex:179: LaTeX Error: Encoding scheme `utf8' unknown.

See the LaTeX manual or LaTeX Companion for explanation.
Type  H <return>  for immediate help.
 ...                                              
                                                  
l.179     \end{lstlisting}
                          
Your command was ignored.
Type  I <command> <return>  to replace it with another command,
or  <return>  to continue without it.


./main.tex:182: LaTeX Error: Encoding scheme `utf8' unknown.

See the LaTeX manual or LaTeX Companion for explanation.
Type  H <return>  for immediate help.
 ...                                              
                                                  
l.182     \section{Java - Grundlagen}
                                     
Your command was ignored.
Type  I <command> <return>  to replace it with another command,
or  <return>  to continue without it.


Underfull \hbox (badness 10000) in paragraph at lines 184--185

 []


./main.tex:190: LaTeX Error: Encoding scheme `utf8' unknown.

See the LaTeX manual or LaTeX Companion for explanation.
Type  H <return>  for immediate help.
 ...                                              
                                                  
l.190     \subsection{Ausgabe}
                              
Your command was ignored.
Type  I <command> <return>  to replace it with another command,
or  <return>  to continue without it.


./main.tex:197: LaTeX Error: Encoding scheme `utf8' unknown.

See the LaTeX manual or LaTeX Companion for explanation.
Type  H <return>  for immediate help.
 ...                                              
                                                  
l.197 public 
             class Test {
Your command was ignored.
Type  I <command> <return>  to replace it with another command,
or  <return>  to continue without it.


./main.tex:198: LaTeX Error: Encoding scheme `utf8' unknown.

See the LaTeX manual or LaTeX Companion for explanation.
Type  H <return>  for immediate help.
 ...                                              
                                                  
l.198     public 
                 static void main(String[] args) {
Your command was ignored.
Type  I <command> <return>  to replace it with another command,
or  <return>  to continue without it.


./main.tex:199: LaTeX Error: Encoding scheme `utf8' unknown.

See the LaTeX manual or LaTeX Companion for explanation.
Type  H <return>  for immediate help.
 ...                                              
                                                  
l.199         System.
                     out.println("Ich bin ein interessanter Text");
Your command was ignored.
Type  I <command> <return>  to replace it with another command,
or  <return>  to continue without it.


./main.tex:200: LaTeX Error: Encoding scheme `utf8' unknown.

See the LaTeX manual or LaTeX Companion for explanation.
Type  H <return>  for immediate help.
 ...                                              
                                                  
l.200         System.
                     out.println("42");
Your command was ignored.
Type  I <command> <return>  to replace it with another command,
or  <return>  to continue without it.


./main.tex:202: LaTeX Error: Encoding scheme `utf8' unknown.

See the LaTeX manual or LaTeX Companion for explanation.
Type  H <return>  for immediate help.
 ...                                              
                                                  
l.202         //
                 Die nächste Zeile produziert die selbe Ausgabe wie die vor...

Your command was ignored.
Type  I <command> <return>  to replace it with another command,
or  <return>  to continue without it.


./main.tex:202: LaTeX Error: Encoding scheme `utf8' unknown.

See the LaTeX manual or LaTeX Companion for explanation.
Type  H <return>  for immediate help.
 ...                                              
                                                  
l.202         //
                 Die nächste Zeile produziert die selbe Ausgabe wie die vor...

Your command was ignored.
Type  I <command> <return>  to replace it with another command,
or  <return>  to continue without it.


./main.tex:202: LaTeX Error: Invalid UTF-8 byte sequence (�\lst@EC�).

See the LaTeX manual or LaTeX Companion for explanation.
Type  H <return>  for immediate help.
 ...                                              
                                                  
l.202         // Die nächste 
                              Zeile produziert die selbe Ausgabe wie die vor...

The document does not appear to be in UTF-8 encoding.
Try adding \UseRawInputEncoding as the first line of the file
or specify an encoding such as \usepackage [latin1]{inputenc}
in the document preamble.
Alternatively, save the file in UTF-8 using your editor or another tool


./main.tex:203: LaTeX Error: Encoding scheme `utf8' unknown.

See the LaTeX manual or LaTeX Companion for explanation.
Type  H <return>  for immediate help.
 ...                                              
                                                  
l.203         System.
                     out.println(42);
Your command was ignored.
Type  I <command> <return>  to replace it with another command,
or  <return>  to continue without it.


./main.tex:204: LaTeX Error: Encoding scheme `utf8' unknown.

See the LaTeX manual or LaTeX Companion for explanation.
Type  H <return>  for immediate help.
 ...                                              
                                                  
l.204     }
           
Your command was ignored.
Type  I <command> <return>  to replace it with another command,
or  <return>  to continue without it.


./main.tex:205: LaTeX Error: Encoding scheme `utf8' unknown.

See the LaTeX manual or LaTeX Companion for explanation.
Type  H <return>  for immediate help.
 ...                                              
                                                  
l.205 }
       
Your command was ignored.
Type  I <command> <return>  to replace it with another command,
or  <return>  to continue without it.


./main.tex:206: LaTeX Error: Encoding scheme `utf8' unknown.

See the LaTeX manual or LaTeX Companion for explanation.
Type  H <return>  for immediate help.
 ...                                              
                                                  
l.206     \end{lstlisting}
                          
Your command was ignored.
Type  I <command> <return>  to replace it with another command,
or  <return>  to continue without it.


./main.tex:208: LaTeX Error: Encoding scheme `utf8' unknown.

See the LaTeX manual or LaTeX Companion for explanation.
Type  H <return>  for immediate help.
 ...                                              
                                                  
l.208     \newpage
                  
Your command was ignored.
Type  I <command> <return>  to replace it with another command,
or  <return>  to continue without it.


./main.tex:208: LaTeX Error: Encoding scheme `utf8' unknown.

See the LaTeX manual or LaTeX Companion for explanation.
Type  H <return>  for immediate help.
 ...                                              
                                                  
l.208     \newpage
                  
Your command was ignored.
Type  I <command> <return>  to replace it with another command,
or  <return>  to continue without it.


pdfTeX warning (ext4): destination with the same identifier (name{page.}) has b
een already used, duplicate ignored
<to be read again> 
                   \relax 
l.208     \newpage
                   [3]

./main.tex:210: LaTeX Error: Encoding scheme `utf8' unknown.

See the LaTeX manual or LaTeX Companion for explanation.
Type  H <return>  for immediate help.
 ...                                              
                                                  
l.210     \subsection{Variablen}
                                
Your command was ignored.
Type  I <command> <return>  to replace it with another command,
or  <return>  to continue without it.


./main.tex:215: LaTeX Error: Encoding scheme `utf8' unknown.

See the LaTeX manual or LaTeX Companion for explanation.
Type  H <return>  for immediate help.
 ...                                              
                                                  
l.215         \item \textit
                           {Datentyp} (oder einfach Typ),
Your command was ignored.
Type  I <command> <return>  to replace it with another command,
or  <return>  to continue without it.


./main.tex:216: LaTeX Error: Encoding scheme `utf8' unknown.

See the LaTeX manual or LaTeX Companion for explanation.
Type  H <return>  for immediate help.
 ...                                              
                                                  
l.216         \item e
                     inen \textit{Namen},
Your command was ignored.
Type  I <command> <return>  to replace it with another command,
or  <return>  to continue without it.


./main.tex:217: LaTeX Error: Encoding scheme `utf8' unknown.

See the LaTeX manual or LaTeX Companion for explanation.
Type  H <return>  for immediate help.
 ...                                              
                                                  
l.217         \item u
                     nd einen \textit{Wert}.
Your command was ignored.
Type  I <command> <return>  to replace it with another command,
or  <return>  to continue without it.


Underfull \hbox (badness 10000) in paragraph at lines 220--222

 []


./main.tex:226: LaTeX Error: Encoding scheme `utf8' unknown.

See the LaTeX manual or LaTeX Companion for explanation.
Type  H <return>  for immediate help.
 ...                                              
                                                  
l.226 public 
             class Test {
Your command was ignored.
Type  I <command> <return>  to replace it with another command,
or  <return>  to continue without it.


./main.tex:227: LaTeX Error: Encoding scheme `utf8' unknown.

See the LaTeX manual or LaTeX Companion for explanation.
Type  H <return>  for immediate help.
 ...                                              
                                                  
l.227     public 
                 static void main(String[] args) {
Your command was ignored.
Type  I <command> <return>  to replace it with another command,
or  <return>  to continue without it.


./main.tex:228: LaTeX Error: Encoding scheme `utf8' unknown.

See the LaTeX manual or LaTeX Companion for explanation.
Type  H <return>  for immediate help.
 ...                                              
                                                  
l.228         int 
                  anzahlBananen = 17;
Your command was ignored.
Type  I <command> <return>  to replace it with another command,
or  <return>  to continue without it.


./main.tex:229: LaTeX Error: Encoding scheme `utf8' unknown.

See the LaTeX manual or LaTeX Companion for explanation.
Type  H <return>  for immediate help.
 ...                                              
                                                  
l.229         System.
                     out.println(anzahlBananen);
Your command was ignored.
Type  I <command> <return>  to replace it with another command,
or  <return>  to continue without it.


./main.tex:230: LaTeX Error: Encoding scheme `utf8' unknown.

See the LaTeX manual or LaTeX Companion for explanation.
Type  H <return>  for immediate help.
 ...                                              
                                                  
l.230     }
           
Your command was ignored.
Type  I <command> <return>  to replace it with another command,
or  <return>  to continue without it.


./main.tex:231: LaTeX Error: Encoding scheme `utf8' unknown.

See the LaTeX manual or LaTeX Companion for explanation.
Type  H <return>  for immediate help.
 ...                                              
                                                  
l.231 }
       
Your command was ignored.
Type  I <command> <return>  to replace it with another command,
or  <return>  to continue without it.


./main.tex:232: LaTeX Error: Encoding scheme `utf8' unknown.

See the LaTeX manual or LaTeX Companion for explanation.
Type  H <return>  for immediate help.
 ...                                              
                                                  
l.232     \end{lstlisting}
                          
Your command was ignored.
Type  I <command> <return>  to replace it with another command,
or  <return>  to continue without it.


Underfull \hbox (badness 10000) in paragraph at lines 234--236

 []


Underfull \hbox (badness 10000) in paragraph at lines 237--238

 []


./main.tex:242: LaTeX Error: Encoding scheme `utf8' unknown.

See the LaTeX manual or LaTeX Companion for explanation.
Type  H <return>  for immediate help.
 ...                                              
                                                  
l.242 public 
             class Test {
Your command was ignored.
Type  I <command> <return>  to replace it with another command,
or  <return>  to continue without it.


./main.tex:243: LaTeX Error: Encoding scheme `utf8' unknown.

See the LaTeX manual or LaTeX Companion for explanation.
Type  H <return>  for immediate help.
 ...                                              
                                                  
l.243     public 
                 static void main(String[] args) {
Your command was ignored.
Type  I <command> <return>  to replace it with another command,
or  <return>  to continue without it.


./main.tex:244: LaTeX Error: Encoding scheme `utf8' unknown.

See the LaTeX manual or LaTeX Companion for explanation.
Type  H <return>  for immediate help.
 ...                                              
                                                  
l.244         int 
                  a = 15;
Your command was ignored.
Type  I <command> <return>  to replace it with another command,
or  <return>  to continue without it.


./main.tex:245: LaTeX Error: Encoding scheme `utf8' unknown.

See the LaTeX manual or LaTeX Companion for explanation.
Type  H <return>  for immediate help.
 ...                                              
                                                  
l.245         int 
                  b = 21;
Your command was ignored.
Type  I <command> <return>  to replace it with another command,
or  <return>  to continue without it.


./main.tex:246: LaTeX Error: Encoding scheme `utf8' unknown.

See the LaTeX manual or LaTeX Companion for explanation.
Type  H <return>  for immediate help.
 ...                                              
                                                  
l.246         int 
                  summe = a + b;
Your command was ignored.
Type  I <command> <return>  to replace it with another command,
or  <return>  to continue without it.


./main.tex:247: LaTeX Error: Encoding scheme `utf8' unknown.

See the LaTeX manual or LaTeX Companion for explanation.
Type  H <return>  for immediate help.
 ...                                              
                                                  
l.247         System.
                     out.println(summe);
Your command was ignored.
Type  I <command> <return>  to replace it with another command,
or  <return>  to continue without it.


./main.tex:248: LaTeX Error: Encoding scheme `utf8' unknown.

See the LaTeX manual or LaTeX Companion for explanation.
Type  H <return>  for immediate help.
 ...                                              
                                                  
l.248     }
           
Your command was ignored.
Type  I <command> <return>  to replace it with another command,
or  <return>  to continue without it.


./main.tex:249: LaTeX Error: Encoding scheme `utf8' unknown.

See the LaTeX manual or LaTeX Companion for explanation.
Type  H <return>  for immediate help.
 ...                                              
                                                  
l.249 }
       
Your command was ignored.
Type  I <command> <return>  to replace it with another command,
or  <return>  to continue without it.


./main.tex:250: LaTeX Error: Encoding scheme `utf8' unknown.

See the LaTeX manual or LaTeX Companion for explanation.
Type  H <return>  for immediate help.
 ...                                              
                                                  
l.250     \end{lstlisting}
                          
Your command was ignored.
Type  I <command> <return>  to replace it with another command,
or  <return>  to continue without it.


./main.tex:257: LaTeX Error: Encoding scheme `utf8' unknown.

See the LaTeX manual or LaTeX Companion for explanation.
Type  H <return>  for immediate help.
 ...                                              
                                                  
l.257 public 
             class Test {
Your command was ignored.
Type  I <command> <return>  to replace it with another command,
or  <return>  to continue without it.


./main.tex:258: LaTeX Error: Encoding scheme `utf8' unknown.

See the LaTeX manual or LaTeX Companion for explanation.
Type  H <return>  for immediate help.
 ...                                              
                                                  
l.258     public 
                 static void main(String[] args) {
Your command was ignored.
Type  I <command> <return>  to replace it with another command,
or  <return>  to continue without it.


./main.tex:259: LaTeX Error: Encoding scheme `utf8' unknown.

See the LaTeX manual or LaTeX Companion for explanation.
Type  H <return>  for immediate help.
 ...                                              
                                                  
l.259         int 
                  a = 4;
Your command was ignored.
Type  I <command> <return>  to replace it with another command,
or  <return>  to continue without it.


./main.tex:260: LaTeX Error: Encoding scheme `utf8' unknown.

See the LaTeX manual or LaTeX Companion for explanation.
Type  H <return>  for immediate help.
 ...                                              
                                                  
l.260         int 
                  b = 5;
Your command was ignored.
Type  I <command> <return>  to replace it with another command,
or  <return>  to continue without it.


./main.tex:261: LaTeX Error: Encoding scheme `utf8' unknown.

See the LaTeX manual or LaTeX Companion for explanation.
Type  H <return>  for immediate help.
 ...                                              
                                                  
l.261         int 
                  ergebnis1 = (a + b) * (a + b);
Your command was ignored.
Type  I <command> <return>  to replace it with another command,
or  <return>  to continue without it.


./main.tex:262: LaTeX Error: Encoding scheme `utf8' unknown.

See the LaTeX manual or LaTeX Companion for explanation.
Type  H <return>  for immediate help.
 ...                                              
                                                  
l.262         int 
                  ergebnis2 = a * a + 2 * b * a + b * b;
Your command was ignored.
Type  I <command> <return>  to replace it with another command,
or  <return>  to continue without it.


./main.tex:264: LaTeX Error: Encoding scheme `utf8' unknown.

See the LaTeX manual or LaTeX Companion for explanation.
Type  H <return>  for immediate help.
 ...                                              
                                                  
l.264         //
                 In Andenken an die binomische Formel hoffen wir mal dass hi...

Your command was ignored.
Type  I <command> <return>  to replace it with another command,
or  <return>  to continue without it.


./main.tex:264: LaTeX Error: Encoding scheme `utf8' unknown.

See the LaTeX manual or LaTeX Companion for explanation.
Type  H <return>  for immediate help.
 ...                                              
                                                  
l.264         //
                 In Andenken an die binomische Formel hoffen wir mal dass hi...

Your command was ignored.
Type  I <command> <return>  to replace it with another command,
or  <return>  to continue without it.


./main.tex:265: LaTeX Error: Encoding scheme `utf8' unknown.

See the LaTeX manual or LaTeX Companion for explanation.
Type  H <return>  for immediate help.
 ...                                              
                                                  
l.265         System.
                     out.println(ergebnis1);
Your command was ignored.
Type  I <command> <return>  to replace it with another command,
or  <return>  to continue without it.


./main.tex:266: LaTeX Error: Encoding scheme `utf8' unknown.

See the LaTeX manual or LaTeX Companion for explanation.
Type  H <return>  for immediate help.
 ...                                              
                                                  
l.266         System.
                     out.println(ergebnis2);
Your command was ignored.
Type  I <command> <return>  to replace it with another command,
or  <return>  to continue without it.


./main.tex:267: LaTeX Error: Encoding scheme `utf8' unknown.

See the LaTeX manual or LaTeX Companion for explanation.
Type  H <return>  for immediate help.
 ...                                              
                                                  
l.267     }
           
Your command was ignored.
Type  I <command> <return>  to replace it with another command,
or  <return>  to continue without it.


./main.tex:268: LaTeX Error: Encoding scheme `utf8' unknown.

See the LaTeX manual or LaTeX Companion for explanation.
Type  H <return>  for immediate help.
 ...                                              
                                                  
l.268 }
       
Your command was ignored.
Type  I <command> <return>  to replace it with another command,
or  <return>  to continue without it.


./main.tex:269: LaTeX Error: Encoding scheme `utf8' unknown.

See the LaTeX manual or LaTeX Companion for explanation.
Type  H <return>  for immediate help.
 ...                                              
                                                  
l.269 \end{lstlisting}
                      
Your command was ignored.
Type  I <command> <return>  to replace it with another command,
or  <return>  to continue without it.


./main.tex:273: LaTeX Error: Encoding scheme `utf8' unknown.

See the LaTeX manual or LaTeX Companion for explanation.
Type  H <return>  for immediate help.
 ...                                              
                                                  
l.273 ...iner Variablen einen neuen Wert zuweisen}
                                                  
Your command was ignored.
Type  I <command> <return>  to replace it with another command,
or  <return>  to continue without it.


./main.tex:278: LaTeX Error: Encoding scheme `utf8' unknown.

See the LaTeX manual or LaTeX Companion for explanation.
Type  H <return>  for immediate help.
 ...                                              
                                                  
l.278         \item W
                     ir \textit{deklarieren} die Variable \lstinline{x} vom ...

Your command was ignored.
Type  I <command> <return>  to replace it with another command,
or  <return>  to continue without it.


./main.tex:278: LaTeX Error: Encoding scheme `utf8' unknown.

See the LaTeX manual or LaTeX Companion for explanation.
Type  H <return>  for immediate help.
 ...                                              
                                                  
l.278         \item W
                     ir \textit{deklarieren} die Variable \lstinline{x} vom ...

Your command was ignored.
Type  I <command> <return>  to replace it with another command,
or  <return>  to continue without it.


pdfTeX warning (ext4): destination with the same identifier (name{page.}) has b
een already used, duplicate ignored
<to be read again> 
                   \relax 
l.278         \item W
                     ir \textit{deklarieren} die Variable \lstinline{x} vom ...
[4]

./main.tex:278: LaTeX Error: Encoding scheme `utf8' unknown.

See the LaTeX manual or LaTeX Companion for explanation.
Type  H <return>  for immediate help.
 ...                                              
                                                  
l.278         \item W
                     ir \textit{deklarieren} die Variable \lstinline{x} vom ...

Your command was ignored.
Type  I <command> <return>  to replace it with another command,
or  <return>  to continue without it.


./main.tex:280: LaTeX Error: Encoding scheme `utf8' unknown.

See the LaTeX manual or LaTeX Companion for explanation.
Type  H <return>  for immediate help.
 ...                                              
                                                  
l.280         \item u
                     nd wir weisen \lstinline{x} den Wert $5$ zu.
Your command was ignored.
Type  I <command> <return>  to replace it with another command,
or  <return>  to continue without it.


./main.tex:287: LaTeX Error: Encoding scheme `utf8' unknown.

See the LaTeX manual or LaTeX Companion for explanation.
Type  H <return>  for immediate help.
 ...                                              
                                                  
l.287 public 
             class Test {
Your command was ignored.
Type  I <command> <return>  to replace it with another command,
or  <return>  to continue without it.


./main.tex:288: LaTeX Error: Encoding scheme `utf8' unknown.

See the LaTeX manual or LaTeX Companion for explanation.
Type  H <return>  for immediate help.
 ...                                              
                                                  
l.288     public 
                 static void main(String[] args) {
Your command was ignored.
Type  I <command> <return>  to replace it with another command,
or  <return>  to continue without it.


./main.tex:289: LaTeX Error: Encoding scheme `utf8' unknown.

See the LaTeX manual or LaTeX Companion for explanation.
Type  H <return>  for immediate help.
 ...                                              
                                                  
l.289         int 
                  x = 5;
Your command was ignored.
Type  I <command> <return>  to replace it with another command,
or  <return>  to continue without it.


./main.tex:290: LaTeX Error: Encoding scheme `utf8' unknown.

See the LaTeX manual or LaTeX Companion for explanation.
Type  H <return>  for immediate help.
 ...                                              
                                                  
l.290         System.
                     out.println(x);
Your command was ignored.
Type  I <command> <return>  to replace it with another command,
or  <return>  to continue without it.


./main.tex:291: LaTeX Error: Encoding scheme `utf8' unknown.

See the LaTeX manual or LaTeX Companion for explanation.
Type  H <return>  for immediate help.
 ...                                              
                                                  
l.291         x 
                = -3;
Your command was ignored.
Type  I <command> <return>  to replace it with another command,
or  <return>  to continue without it.


./main.tex:292: LaTeX Error: Encoding scheme `utf8' unknown.

See the LaTeX manual or LaTeX Companion for explanation.
Type  H <return>  for immediate help.
 ...                                              
                                                  
l.292         System.
                     out.println(x);
Your command was ignored.
Type  I <command> <return>  to replace it with another command,
or  <return>  to continue without it.


./main.tex:293: LaTeX Error: Encoding scheme `utf8' unknown.

See the LaTeX manual or LaTeX Companion for explanation.
Type  H <return>  for immediate help.
 ...                                              
                                                  
l.293     }
           
Your command was ignored.
Type  I <command> <return>  to replace it with another command,
or  <return>  to continue without it.


./main.tex:294: LaTeX Error: Encoding scheme `utf8' unknown.

See the LaTeX manual or LaTeX Companion for explanation.
Type  H <return>  for immediate help.
 ...                                              
                                                  
l.294 }
       
Your command was ignored.
Type  I <command> <return>  to replace it with another command,
or  <return>  to continue without it.


./main.tex:295: LaTeX Error: Encoding scheme `utf8' unknown.

See the LaTeX manual or LaTeX Companion for explanation.
Type  H <return>  for immediate help.
 ...                                              
                                                  
l.295     \end{lstlisting}
                          
Your command was ignored.
Type  I <command> <return>  to replace it with another command,
or  <return>  to continue without it.


./main.tex:301: LaTeX Error: Encoding scheme `utf8' unknown.

See the LaTeX manual or LaTeX Companion for explanation.
Type  H <return>  for immediate help.
 ...                                              
                                                  
l.301     \subsection{Weitere Datentypen}
                                         
Your command was ignored.
Type  I <command> <return>  to replace it with another command,
or  <return>  to continue without it.


./main.tex:305: LaTeX Error: Encoding scheme `utf8' unknown.

See the LaTeX manual or LaTeX Companion for explanation.
Type  H <return>  for immediate help.
 ...                                              
                                                  
l.305         \item \lstinline
                              {double} (für Kommazahlen, z.B. \lstinline{do...

Your command was ignored.
Type  I <command> <return>  to replace it with another command,
or  <return>  to continue without it.


./main.tex:306: LaTeX Error: Encoding scheme `utf8' unknown.

See the LaTeX manual or LaTeX Companion for explanation.
Type  H <return>  for immediate help.
 ...                                              
                                                  
l.306         \item \lstinline
                              {boolean} (für Wahrheitswerte, z.B. \lstinlin...

Your command was ignored.
Type  I <command> <return>  to replace it with another command,
or  <return>  to continue without it.


./main.tex:307: LaTeX Error: Encoding scheme `utf8' unknown.

See the LaTeX manual or LaTeX Companion for explanation.
Type  H <return>  for immediate help.
 ...                                              
                                                  
l.307         \item \lstinline
                              {String} (für Zeichenketten, z.B. \lstinline{...

Your command was ignored.
Type  I <command> <return>  to replace it with another command,
or  <return>  to continue without it.


Underfull \hbox (badness 10000) in paragraph at lines 310--312

 []


./main.tex:316: LaTeX Error: Encoding scheme `utf8' unknown.

See the LaTeX manual or LaTeX Companion for explanation.
Type  H <return>  for immediate help.
 ...                                              
                                                  
l.316 public 
             class Test {
Your command was ignored.
Type  I <command> <return>  to replace it with another command,
or  <return>  to continue without it.


./main.tex:317: LaTeX Error: Encoding scheme `utf8' unknown.

See the LaTeX manual or LaTeX Companion for explanation.
Type  H <return>  for immediate help.
 ...                                              
                                                  
l.317     public 
                 static void main(String[] args) {
Your command was ignored.
Type  I <command> <return>  to replace it with another command,
or  <return>  to continue without it.


./main.tex:318: LaTeX Error: Encoding scheme `utf8' unknown.

See the LaTeX manual or LaTeX Companion for explanation.
Type  H <return>  for immediate help.
 ...                                              
                                                  
l.318         String 
                     teil1 = "Ciao";
Your command was ignored.
Type  I <command> <return>  to replace it with another command,
or  <return>  to continue without it.


./main.tex:319: LaTeX Error: Encoding scheme `utf8' unknown.

See the LaTeX manual or LaTeX Companion for explanation.
Type  H <return>  for immediate help.
 ...                                              
                                                  
l.319         String 
                     teil2 = "Kakao";
Your command was ignored.
Type  I <command> <return>  to replace it with another command,
or  <return>  to continue without it.


./main.tex:320: LaTeX Error: Encoding scheme `utf8' unknown.

See the LaTeX manual or LaTeX Companion for explanation.
Type  H <return>  for immediate help.
 ...                                              
                                                  
l.320         System.
                     out.println(teil1 + " " + teil2);
Your command was ignored.
Type  I <command> <return>  to replace it with another command,
or  <return>  to continue without it.


./main.tex:321: LaTeX Error: Encoding scheme `utf8' unknown.

See the LaTeX manual or LaTeX Companion for explanation.
Type  H <return>  for immediate help.
 ...                                              
                                                  
l.321     }
           
Your command was ignored.
Type  I <command> <return>  to replace it with another command,
or  <return>  to continue without it.


./main.tex:322: LaTeX Error: Encoding scheme `utf8' unknown.

See the LaTeX manual or LaTeX Companion for explanation.
Type  H <return>  for immediate help.
 ...                                              
                                                  
l.322 }
       
Your command was ignored.
Type  I <command> <return>  to replace it with another command,
or  <return>  to continue without it.


./main.tex:323: LaTeX Error: Encoding scheme `utf8' unknown.

See the LaTeX manual or LaTeX Companion for explanation.
Type  H <return>  for immediate help.
 ...                                              
                                                  
l.323     \end{lstlisting}
                          
Your command was ignored.
Type  I <command> <return>  to replace it with another command,
or  <return>  to continue without it.


./main.tex:328: LaTeX Error: Encoding scheme `utf8' unknown.

See the LaTeX manual or LaTeX Companion for explanation.
Type  H <return>  for immediate help.
 ...                                              
                                                  
l.328 public 
             class Test {
Your command was ignored.
Type  I <command> <return>  to replace it with another command,
or  <return>  to continue without it.


./main.tex:329: LaTeX Error: Encoding scheme `utf8' unknown.

See the LaTeX manual or LaTeX Companion for explanation.
Type  H <return>  for immediate help.
 ...                                              
                                                  
l.329     public 
                 static void main(String[] args) {
Your command was ignored.
Type  I <command> <return>  to replace it with another command,
or  <return>  to continue without it.


./main.tex:330: LaTeX Error: Encoding scheme `utf8' unknown.

See the LaTeX manual or LaTeX Companion for explanation.
Type  H <return>  for immediate help.
 ...                                              
                                                  
l.330         int 
                  x = 18;
Your command was ignored.
Type  I <command> <return>  to replace it with another command,
or  <return>  to continue without it.


./main.tex:331: LaTeX Error: Encoding scheme `utf8' unknown.

See the LaTeX manual or LaTeX Companion for explanation.
Type  H <return>  for immediate help.
 ...                                              
                                                  
l.331         System.
                     out.println("Hier liegen " + x  + " Maracujas");
Your command was ignored.
Type  I <command> <return>  to replace it with another command,
or  <return>  to continue without it.


./main.tex:332: LaTeX Error: Encoding scheme `utf8' unknown.

See the LaTeX manual or LaTeX Companion for explanation.
Type  H <return>  for immediate help.
 ...                                              
                                                  
l.332     }
           
Your command was ignored.
Type  I <command> <return>  to replace it with another command,
or  <return>  to continue without it.


./main.tex:333: LaTeX Error: Encoding scheme `utf8' unknown.

See the LaTeX manual or LaTeX Companion for explanation.
Type  H <return>  for immediate help.
 ...                                              
                                                  
l.333 }
       
Your command was ignored.
Type  I <command> <return>  to replace it with another command,
or  <return>  to continue without it.


./main.tex:334: LaTeX Error: Encoding scheme `utf8' unknown.

See the LaTeX manual or LaTeX Companion for explanation.
Type  H <return>  for immediate help.
 ...                                              
                                                  
l.334     \end{lstlisting}
                          
Your command was ignored.
Type  I <command> <return>  to replace it with another command,
or  <return>  to continue without it.


./main.tex:338: LaTeX Error: Encoding scheme `utf8' unknown.

See the LaTeX manual or LaTeX Companion for explanation.
Type  H <return>  for immediate help.
 ...                                              
                                                  
l.338 ...ction{Bedingungen und Kontrollstrukturen}
                                                  
Your command was ignored.
Type  I <command> <return>  to replace it with another command,
or  <return>  to continue without it.


./main.tex:343: LaTeX Error: Encoding scheme `utf8' unknown.

See the LaTeX manual or LaTeX Companion for explanation.
Type  H <return>  for immediate help.
 ...                                              
                                                  
l.343     E
           ine Art dies zu tun, ist, den Programmfluss an \textit{Bedingunge...

Your command was ignored.
Type  I <command> <return>  to replace it with another command,
or  <return>  to continue without it.


./main.tex:343: LaTeX Error: Encoding scheme `utf8' unknown.

See the LaTeX manual or LaTeX Companion for explanation.
Type  H <return>  for immediate help.
 ...                                              
                                                  
l.343     E
           ine Art dies zu tun, ist, den Programmfluss an \textit{Bedingunge...

Your command was ignored.
Type  I <command> <return>  to replace it with another command,
or  <return>  to continue without it.


pdfTeX warning (ext4): destination with the same identifier (name{page.}) has b
een already used, duplicate ignored
<to be read again> 
                   \relax 
l.343     E
           ine Art dies zu tun, ist, den Programmfluss an \textit{Bedingunge...
[5]
Underfull \hbox (badness 10000) in paragraph at lines 343--345

 []


Underfull \hbox (badness 10000) in paragraph at lines 346--349

 []


./main.tex:353: LaTeX Error: Encoding scheme `utf8' unknown.

See the LaTeX manual or LaTeX Companion for explanation.
Type  H <return>  for immediate help.
 ...                                              
                                                  
l.353 public 
             class Test {
Your command was ignored.
Type  I <command> <return>  to replace it with another command,
or  <return>  to continue without it.


./main.tex:354: LaTeX Error: Encoding scheme `utf8' unknown.

See the LaTeX manual or LaTeX Companion for explanation.
Type  H <return>  for immediate help.
 ...                                              
                                                  
l.354     public 
                 static void main(String[] args) {
Your command was ignored.
Type  I <command> <return>  to replace it with another command,
or  <return>  to continue without it.


./main.tex:355: LaTeX Error: Encoding scheme `utf8' unknown.

See the LaTeX manual or LaTeX Companion for explanation.
Type  H <return>  for immediate help.
 ...                                              
                                                  
l.355         int 
                  x = 4;
Your command was ignored.
Type  I <command> <return>  to replace it with another command,
or  <return>  to continue without it.


./main.tex:356: LaTeX Error: Encoding scheme `utf8' unknown.

See the LaTeX manual or LaTeX Companion for explanation.
Type  H <return>  for immediate help.
 ...                                              
                                                  
l.356         int 
                  y = 23494;
Your command was ignored.
Type  I <command> <return>  to replace it with another command,
or  <return>  to continue without it.


./main.tex:358: LaTeX Error: Encoding scheme `utf8' unknown.

See the LaTeX manual or LaTeX Companion for explanation.
Type  H <return>  for immediate help.
 ...                                              
                                                  
l.358         boolean 
                      xKleinerY = x < y;
Your command was ignored.
Type  I <command> <return>  to replace it with another command,
or  <return>  to continue without it.


./main.tex:358: LaTeX Error: Encoding scheme `utf8' unknown.

See the LaTeX manual or LaTeX Companion for explanation.
Type  H <return>  for immediate help.
 ...                                              
                                                  
l.358         boolean 
                      xKleinerY = x < y;
Your command was ignored.
Type  I <command> <return>  to replace it with another command,
or  <return>  to continue without it.


./main.tex:359: LaTeX Error: Encoding scheme `utf8' unknown.

See the LaTeX manual or LaTeX Companion for explanation.
Type  H <return>  for immediate help.
 ...                                              
                                                  
l.359         boolean 
                      yKleinerX = y < x;
Your command was ignored.
Type  I <command> <return>  to replace it with another command,
or  <return>  to continue without it.


./main.tex:360: LaTeX Error: Encoding scheme `utf8' unknown.

See the LaTeX manual or LaTeX Companion for explanation.
Type  H <return>  for immediate help.
 ...                                              
                                                  
l.360         boolean 
                      xGroesserY = x > y;
Your command was ignored.
Type  I <command> <return>  to replace it with another command,
or  <return>  to continue without it.


./main.tex:361: LaTeX Error: Encoding scheme `utf8' unknown.

See the LaTeX manual or LaTeX Companion for explanation.
Type  H <return>  for immediate help.
 ...                                              
                                                  
l.361         boolean 
                      yGroesserX = y > x;
Your command was ignored.
Type  I <command> <return>  to replace it with another command,
or  <return>  to continue without it.


./main.tex:362: LaTeX Error: Encoding scheme `utf8' unknown.

See the LaTeX manual or LaTeX Companion for explanation.
Type  H <return>  for immediate help.
 ...                                              
                                                  
l.362         boolean 
                      xGleichY = x == y;
Your command was ignored.
Type  I <command> <return>  to replace it with another command,
or  <return>  to continue without it.


./main.tex:363: LaTeX Error: Encoding scheme `utf8' unknown.

See the LaTeX manual or LaTeX Companion for explanation.
Type  H <return>  for immediate help.
 ...                                              
                                                  
l.363         boolean 
                      xUngleichY = x != y;
Your command was ignored.
Type  I <command> <return>  to replace it with another command,
or  <return>  to continue without it.


./main.tex:365: LaTeX Error: Encoding scheme `utf8' unknown.

See the LaTeX manual or LaTeX Companion for explanation.
Type  H <return>  for immediate help.
 ...                                              
                                                  
l.365         System.
                     out.println(xKleinerY);
Your command was ignored.
Type  I <command> <return>  to replace it with another command,
or  <return>  to continue without it.


./main.tex:365: LaTeX Error: Encoding scheme `utf8' unknown.

See the LaTeX manual or LaTeX Companion for explanation.
Type  H <return>  for immediate help.
 ...                                              
                                                  
l.365         System.
                     out.println(xKleinerY);
Your command was ignored.
Type  I <command> <return>  to replace it with another command,
or  <return>  to continue without it.


./main.tex:366: LaTeX Error: Encoding scheme `utf8' unknown.

See the LaTeX manual or LaTeX Companion for explanation.
Type  H <return>  for immediate help.
 ...                                              
                                                  
l.366         System.
                     out.println(yKleinerX);
Your command was ignored.
Type  I <command> <return>  to replace it with another command,
or  <return>  to continue without it.


./main.tex:367: LaTeX Error: Encoding scheme `utf8' unknown.

See the LaTeX manual or LaTeX Companion for explanation.
Type  H <return>  for immediate help.
 ...                                              
                                                  
l.367         //
                 ...
Your command was ignored.
Type  I <command> <return>  to replace it with another command,
or  <return>  to continue without it.


./main.tex:368: LaTeX Error: Encoding scheme `utf8' unknown.

See the LaTeX manual or LaTeX Companion for explanation.
Type  H <return>  for immediate help.
 ...                                              
                                                  
l.368     }
           
Your command was ignored.
Type  I <command> <return>  to replace it with another command,
or  <return>  to continue without it.


./main.tex:369: LaTeX Error: Encoding scheme `utf8' unknown.

See the LaTeX manual or LaTeX Companion for explanation.
Type  H <return>  for immediate help.
 ...                                              
                                                  
l.369 }
       
Your command was ignored.
Type  I <command> <return>  to replace it with another command,
or  <return>  to continue without it.


./main.tex:370: LaTeX Error: Encoding scheme `utf8' unknown.

See the LaTeX manual or LaTeX Companion for explanation.
Type  H <return>  for immediate help.
 ...                                              
                                                  
l.370     \end{lstlisting}
                          
Your command was ignored.
Type  I <command> <return>  to replace it with another command,
or  <return>  to continue without it.


Underfull \hbox (badness 10000) in paragraph at lines 373--375

 []


./main.tex:379: LaTeX Error: Encoding scheme `utf8' unknown.

See the LaTeX manual or LaTeX Companion for explanation.
Type  H <return>  for immediate help.
 ...                                              
                                                  
l.379 public 
             class Test {
Your command was ignored.
Type  I <command> <return>  to replace it with another command,
or  <return>  to continue without it.


./main.tex:380: LaTeX Error: Encoding scheme `utf8' unknown.

See the LaTeX manual or LaTeX Companion for explanation.
Type  H <return>  for immediate help.
 ...                                              
                                                  
l.380     public 
                 static void main(String[] args) {
Your command was ignored.
Type  I <command> <return>  to replace it with another command,
or  <return>  to continue without it.


./main.tex:381: LaTeX Error: Encoding scheme `utf8' unknown.

See the LaTeX manual or LaTeX Companion for explanation.
Type  H <return>  for immediate help.
 ...                                              
                                                  
l.381         int 
                  x = 5;
Your command was ignored.
Type  I <command> <return>  to replace it with another command,
or  <return>  to continue without it.


./main.tex:382: LaTeX Error: Encoding scheme `utf8' unknown.

See the LaTeX manual or LaTeX Companion for explanation.
Type  H <return>  for immediate help.
 ...                                              
                                                  
l.382         double 
                     y = 3.4;
Your command was ignored.
Type  I <command> <return>  to replace it with another command,
or  <return>  to continue without it.


./main.tex:384: LaTeX Error: Encoding scheme `utf8' unknown.

See the LaTeX manual or LaTeX Companion for explanation.
Type  H <return>  for immediate help.
 ...                                              
                                                  
l.384         //
                 Der Code innerhalb des if-Blocks wird nur ausgefuehrt, wenn...

Your command was ignored.
Type  I <command> <return>  to replace it with another command,
or  <return>  to continue without it.


./main.tex:384: LaTeX Error: Encoding scheme `utf8' unknown.

See the LaTeX manual or LaTeX Companion for explanation.
Type  H <return>  for immediate help.
 ...                                              
                                                  
l.384         //
                 Der Code innerhalb des if-Blocks wird nur ausgefuehrt, wenn...

Your command was ignored.
Type  I <command> <return>  to replace it with another command,
or  <return>  to continue without it.


./main.tex:385: LaTeX Error: Encoding scheme `utf8' unknown.

See the LaTeX manual or LaTeX Companion for explanation.
Type  H <return>  for immediate help.
 ...                                              
                                                  
l.385         if(
                 x > y) {
Your command was ignored.
Type  I <command> <return>  to replace it with another command,
or  <return>  to continue without it.


./main.tex:386: LaTeX Error: Encoding scheme `utf8' unknown.

See the LaTeX manual or LaTeX Companion for explanation.
Type  H <return>  for immediate help.
 ...                                              
                                                  
l.386             System.
                         out.println("x ist groesser als y!!!!");
Your command was ignored.
Type  I <command> <return>  to replace it with another command,
or  <return>  to continue without it.


./main.tex:387: LaTeX Error: Encoding scheme `utf8' unknown.

See the LaTeX manual or LaTeX Companion for explanation.
Type  H <return>  for immediate help.
 ...                                              
                                                  
l.387         }
               
Your command was ignored.
Type  I <command> <return>  to replace it with another command,
or  <return>  to continue without it.


./main.tex:388: LaTeX Error: Encoding scheme `utf8' unknown.

See the LaTeX manual or LaTeX Companion for explanation.
Type  H <return>  for immediate help.
 ...                                              
                                                  
l.388     }
           
Your command was ignored.
Type  I <command> <return>  to replace it with another command,
or  <return>  to continue without it.


./main.tex:389: LaTeX Error: Encoding scheme `utf8' unknown.

See the LaTeX manual or LaTeX Companion for explanation.
Type  H <return>  for immediate help.
 ...                                              
                                                  
l.389 }
       
Your command was ignored.
Type  I <command> <return>  to replace it with another command,
or  <return>  to continue without it.


./main.tex:390: LaTeX Error: Encoding scheme `utf8' unknown.

See the LaTeX manual or LaTeX Companion for explanation.
Type  H <return>  for immediate help.
 ...                                              
                                                  
l.390     \end{lstlisting}
                          
Your command was ignored.
Type  I <command> <return>  to replace it with another command,
or  <return>  to continue without it.


Underfull \hbox (badness 10000) in paragraph at lines 392--393

 []


./main.tex:397: LaTeX Error: Encoding scheme `utf8' unknown.

See the LaTeX manual or LaTeX Companion for explanation.
Type  H <return>  for immediate help.
 ...                                              
                                                  
l.397 public 
             class Test {
Your command was ignored.
Type  I <command> <return>  to replace it with another command,
or  <return>  to continue without it.


./main.tex:398: LaTeX Error: Encoding scheme `utf8' unknown.

See the LaTeX manual or LaTeX Companion for explanation.
Type  H <return>  for immediate help.
 ...                                              
                                                  
l.398     public 
                 static void main(String[] args) {
Your command was ignored.
Type  I <command> <return>  to replace it with another command,
or  <return>  to continue without it.


./main.tex:399: LaTeX Error: Encoding scheme `utf8' unknown.

See the LaTeX manual or LaTeX Companion for explanation.
Type  H <return>  for immediate help.
 ...                                              
                                                  
l.399         int 
                  x = 5;
Your command was ignored.
Type  I <command> <return>  to replace it with another command,
or  <return>  to continue without it.


./main.tex:400: LaTeX Error: Encoding scheme `utf8' unknown.

See the LaTeX manual or LaTeX Companion for explanation.
Type  H <return>  for immediate help.
 ...                                              
                                                  
l.400         double 
                     y = 3.4;
Your command was ignored.
Type  I <command> <return>  to replace it with another command,
or  <return>  to continue without it.


./main.tex:402: LaTeX Error: Encoding scheme `utf8' unknown.

See the LaTeX manual or LaTeX Companion for explanation.
Type  H <return>  for immediate help.
 ...                                              
                                                  
l.402         //
                 Der Code innerhalb des if-Blocks wird nur ausgefuehrt, wenn...

Your command was ignored.
Type  I <command> <return>  to replace it with another command,
or  <return>  to continue without it.


./main.tex:402: LaTeX Error: Encoding scheme `utf8' unknown.

See the LaTeX manual or LaTeX Companion for explanation.
Type  H <return>  for immediate help.
 ...                                              
                                                  
l.402         //
                 Der Code innerhalb des if-Blocks wird nur ausgefuehrt, wenn...

Your command was ignored.
Type  I <command> <return>  to replace it with another command,
or  <return>  to continue without it.


./main.tex:403: LaTeX Error: Encoding scheme `utf8' unknown.

See the LaTeX manual or LaTeX Companion for explanation.
Type  H <return>  for immediate help.
 ...                                              
                                                  
l.403         if(
                 x > y) {
Your command was ignored.
Type  I <command> <return>  to replace it with another command,
or  <return>  to continue without it.


./main.tex:403: LaTeX Error: Encoding scheme `utf8' unknown.

See the LaTeX manual or LaTeX Companion for explanation.
Type  H <return>  for immediate help.
 ...                                              
                                                  
l.403         if(
                 x > y) {
Your command was ignored.
Type  I <command> <return>  to replace it with another command,
or  <return>  to continue without it.


pdfTeX warning (ext4): destination with the same identifier (name{page.}) has b
een already used, duplicate ignored
<to be read again> 
                   \relax 
l.403         if(
                 x > y) { [6]

./main.tex:403: LaTeX Error: Encoding scheme `utf8' unknown.

See the LaTeX manual or LaTeX Companion for explanation.
Type  H <return>  for immediate help.
 ...                                              
                                                  
l.403         if(
                 x > y) {
Your command was ignored.
Type  I <command> <return>  to replace it with another command,
or  <return>  to continue without it.


./main.tex:404: LaTeX Error: Encoding scheme `utf8' unknown.

See the LaTeX manual or LaTeX Companion for explanation.
Type  H <return>  for immediate help.
 ...                                              
                                                  
l.404             System.
                         out.println("x ist groesser als y!!!!");
Your command was ignored.
Type  I <command> <return>  to replace it with another command,
or  <return>  to continue without it.


./main.tex:405: LaTeX Error: Encoding scheme `utf8' unknown.

See the LaTeX manual or LaTeX Companion for explanation.
Type  H <return>  for immediate help.
 ...                                              
                                                  
l.405         } 
                else {
Your command was ignored.
Type  I <command> <return>  to replace it with another command,
or  <return>  to continue without it.


./main.tex:406: LaTeX Error: Encoding scheme `utf8' unknown.

See the LaTeX manual or LaTeX Companion for explanation.
Type  H <return>  for immediate help.
 ...                                              
                                                  
l.406             //
                     Der code in diesem else Block wird nur "sonst" ausgefü...

Your command was ignored.
Type  I <command> <return>  to replace it with another command,
or  <return>  to continue without it.


./main.tex:406: LaTeX Error: Invalid UTF-8 byte sequence (�\lst@EC�).

See the LaTeX manual or LaTeX Companion for explanation.
Type  H <return>  for immediate help.
 ...                                              
                                                  
l.406 ... else Block wird nur "sonst" ausgeführt,
                                                   also wenn die Bedingung i...

The document does not appear to be in UTF-8 encoding.
Try adding \UseRawInputEncoding as the first line of the file
or specify an encoding such as \usepackage [latin1]{inputenc}
in the document preamble.
Alternatively, save the file in UTF-8 using your editor or another tool


./main.tex:407: LaTeX Error: Encoding scheme `utf8' unknown.

See the LaTeX manual or LaTeX Companion for explanation.
Type  H <return>  for immediate help.
 ...                                              
                                                  
l.407             System.
                         out.println("x ist anscheinend nicht groesser als y");

Your command was ignored.
Type  I <command> <return>  to replace it with another command,
or  <return>  to continue without it.


./main.tex:408: LaTeX Error: Encoding scheme `utf8' unknown.

See the LaTeX manual or LaTeX Companion for explanation.
Type  H <return>  for immediate help.
 ...                                              
                                                  
l.408         }
               
Your command was ignored.
Type  I <command> <return>  to replace it with another command,
or  <return>  to continue without it.


./main.tex:409: LaTeX Error: Encoding scheme `utf8' unknown.

See the LaTeX manual or LaTeX Companion for explanation.
Type  H <return>  for immediate help.
 ...                                              
                                                  
l.409     }
           
Your command was ignored.
Type  I <command> <return>  to replace it with another command,
or  <return>  to continue without it.


./main.tex:410: LaTeX Error: Encoding scheme `utf8' unknown.

See the LaTeX manual or LaTeX Companion for explanation.
Type  H <return>  for immediate help.
 ...                                              
                                                  
l.410 }
       
Your command was ignored.
Type  I <command> <return>  to replace it with another command,
or  <return>  to continue without it.


./main.tex:411: LaTeX Error: Encoding scheme `utf8' unknown.

See the LaTeX manual or LaTeX Companion for explanation.
Type  H <return>  for immediate help.
 ...                                              
                                                  
l.411     \end{lstlisting}
                          
Your command was ignored.
Type  I <command> <return>  to replace it with another command,
or  <return>  to continue without it.


./main.tex:416: LaTeX Error: Encoding scheme `utf8' unknown.

See the LaTeX manual or LaTeX Companion for explanation.
Type  H <return>  for immediate help.
 ...                                              
                                                  
l.416 public 
             class Test {
Your command was ignored.
Type  I <command> <return>  to replace it with another command,
or  <return>  to continue without it.


./main.tex:417: LaTeX Error: Encoding scheme `utf8' unknown.

See the LaTeX manual or LaTeX Companion for explanation.
Type  H <return>  for immediate help.
 ...                                              
                                                  
l.417     public 
                 static void main(String[] args) {
Your command was ignored.
Type  I <command> <return>  to replace it with another command,
or  <return>  to continue without it.


./main.tex:418: LaTeX Error: Encoding scheme `utf8' unknown.

See the LaTeX manual or LaTeX Companion for explanation.
Type  H <return>  for immediate help.
 ...                                              
                                                  
l.418         double 
                     PI = 3.141
Your command was ignored.
Type  I <command> <return>  to replace it with another command,
or  <return>  to continue without it.


./main.tex:420: LaTeX Error: Encoding scheme `utf8' unknown.

See the LaTeX manual or LaTeX Companion for explanation.
Type  H <return>  for immediate help.
 ...                                              
                                                  
l.420         double 
                     radius = 13;
Your command was ignored.
Type  I <command> <return>  to replace it with another command,
or  <return>  to continue without it.


./main.tex:420: LaTeX Error: Encoding scheme `utf8' unknown.

See the LaTeX manual or LaTeX Companion for explanation.
Type  H <return>  for immediate help.
 ...                                              
                                                  
l.420         double 
                     radius = 13;
Your command was ignored.
Type  I <command> <return>  to replace it with another command,
or  <return>  to continue without it.


./main.tex:421: LaTeX Error: Encoding scheme `utf8' unknown.

See the LaTeX manual or LaTeX Companion for explanation.
Type  H <return>  for immediate help.
 ...                                              
                                                  
l.421         double 
                     grenzwert = 30;
Your command was ignored.
Type  I <command> <return>  to replace it with another command,
or  <return>  to continue without it.


./main.tex:423: LaTeX Error: Encoding scheme `utf8' unknown.

See the LaTeX manual or LaTeX Companion for explanation.
Type  H <return>  for immediate help.
 ...                                              
                                                  
l.423         double 
                     flaeche = PI * radius * radius;
Your command was ignored.
Type  I <command> <return>  to replace it with another command,
or  <return>  to continue without it.


./main.tex:423: LaTeX Error: Encoding scheme `utf8' unknown.

See the LaTeX manual or LaTeX Companion for explanation.
Type  H <return>  for immediate help.
 ...                                              
                                                  
l.423         double 
                     flaeche = PI * radius * radius;
Your command was ignored.
Type  I <command> <return>  to replace it with another command,
or  <return>  to continue without it.


./main.tex:425: LaTeX Error: Encoding scheme `utf8' unknown.

See the LaTeX manual or LaTeX Companion for explanation.
Type  H <return>  for immediate help.
 ...                                              
                                                  
l.425         if(
                 flaeche > grenzwert) {
Your command was ignored.
Type  I <command> <return>  to replace it with another command,
or  <return>  to continue without it.


./main.tex:425: LaTeX Error: Encoding scheme `utf8' unknown.

See the LaTeX manual or LaTeX Companion for explanation.
Type  H <return>  for immediate help.
 ...                                              
                                                  
l.425         if(
                 flaeche > grenzwert) {
Your command was ignored.
Type  I <command> <return>  to replace it with another command,
or  <return>  to continue without it.


./main.tex:426: LaTeX Error: Encoding scheme `utf8' unknown.

See the LaTeX manual or LaTeX Companion for explanation.
Type  H <return>  for immediate help.
 ...                                              
                                                  
l.426             System.
                         out.println("Die Flaeche ist " + flaeche + ", groes...

Your command was ignored.
Type  I <command> <return>  to replace it with another command,
or  <return>  to continue without it.


./main.tex:427: LaTeX Error: Encoding scheme `utf8' unknown.

See the LaTeX manual or LaTeX Companion for explanation.
Type  H <return>  for immediate help.
 ...                                              
                                                  
l.427         } 
                else {
Your command was ignored.
Type  I <command> <return>  to replace it with another command,
or  <return>  to continue without it.


./main.tex:428: LaTeX Error: Encoding scheme `utf8' unknown.

See the LaTeX manual or LaTeX Companion for explanation.
Type  H <return>  for immediate help.
 ...                                              
                                                  
l.428             System.
                         out.println("Die Flaeche ist " + flaeche + ", das i...

Your command was ignored.
Type  I <command> <return>  to replace it with another command,
or  <return>  to continue without it.


./main.tex:429: LaTeX Error: Encoding scheme `utf8' unknown.

See the LaTeX manual or LaTeX Companion for explanation.
Type  H <return>  for immediate help.
 ...                                              
                                                  
l.429         }
               
Your command was ignored.
Type  I <command> <return>  to replace it with another command,
or  <return>  to continue without it.


./main.tex:430: LaTeX Error: Encoding scheme `utf8' unknown.

See the LaTeX manual or LaTeX Companion for explanation.
Type  H <return>  for immediate help.
 ...                                              
                                                  
l.430     }
           
Your command was ignored.
Type  I <command> <return>  to replace it with another command,
or  <return>  to continue without it.


./main.tex:431: LaTeX Error: Encoding scheme `utf8' unknown.

See the LaTeX manual or LaTeX Companion for explanation.
Type  H <return>  for immediate help.
 ...                                              
                                                  
l.431 }
       
Your command was ignored.
Type  I <command> <return>  to replace it with another command,
or  <return>  to continue without it.


./main.tex:432: LaTeX Error: Encoding scheme `utf8' unknown.

See the LaTeX manual or LaTeX Companion for explanation.
Type  H <return>  for immediate help.
 ...                                              
                                                  
l.432     \end{lstlisting}
                          
Your command was ignored.
Type  I <command> <return>  to replace it with another command,
or  <return>  to continue without it.


./main.tex:434: LaTeX Error: Encoding scheme `utf8' unknown.

See the LaTeX manual or LaTeX Companion for explanation.
Type  H <return>  for immediate help.
 ...                                              
                                                  
l.434 \end{document}
                    
Your command was ignored.
Type  I <command> <return>  to replace it with another command,
or  <return>  to continue without it.


./main.tex:434: LaTeX Error: Encoding scheme `utf8' unknown.

See the LaTeX manual or LaTeX Companion for explanation.
Type  H <return>  for immediate help.
 ...                                              
                                                  
l.434 \end{document}
                    
Your command was ignored.
Type  I <command> <return>  to replace it with another command,
or  <return>  to continue without it.


pdfTeX warning (ext4): destination with the same identifier (name{page.}) has b
een already used, duplicate ignored
<to be read again> 
                   \relax 
l.434 \end{document}
                     [7]
(/Users/mrotmann/IdeaProjects/WaldorfInformatikHku/out/main.aux)
Package rerunfilecheck Info: File `main.out' has not changed.
(rerunfilecheck)             Checksum: 79D84642DD89BECD39F10C9711A6E8BA;2237.
 ) 
Here is how much of TeX's memory you used:
 13142 strings out of 476025
 202551 string characters out of 5790017
 1931388 words of memory out of 5000000
 33284 multiletter control sequences out of 15000+600000
 519206 words of font info for 56 fonts, out of 8000000 for 9000
 1141 hyphenation exceptions out of 8191
 75i,6n,76p,380b,2066s stack positions out of 10000i,1000n,20000p,200000b,200000s
</usr/local/texlive/2023/texmf-dist/fonts/type1/public/amsfonts/cm/cmbx10.pfb
></usr/local/texlive/2023/texmf-dist/fonts/type1/public/amsfonts/cm/cmbx12.pfb>
</usr/local/texlive/2023/texmf-dist/fonts/type1/public/amsfonts/cm/cmbxti10.pfb
></usr/local/texlive/2023/texmf-dist/fonts/type1/public/amsfonts/cm/cmr10.pfb><
/usr/local/texlive/2023/texmf-dist/fonts/type1/public/amsfonts/cm/cmr6.pfb></us
r/local/texlive/2023/texmf-dist/fonts/type1/public/amsfonts/cm/cmti10.pfb></usr
/local/texlive/2023/texmf-dist/fonts/type1/public/amsfonts/cm/cmtt10.pfb></usr/
local/texlive/2023/texmf-dist/fonts/type1/public/cm-super/sfrm1095.pfb>
Output written on /Users/mrotmann/IdeaProjects/WaldorfInformatikHku/out/main.pd
f (7 pages, 137866 bytes).
PDF statistics:
 321 PDF objects out of 1000 (max. 8388607)
 293 compressed objects within 3 object streams
 170 named destinations out of 1000 (max. 500000)
 113 words of extra memory for PDF output out of 10000 (max. 10000000)

